gene_symbol,modules,n_modules,sub_mito_location,evidence_weight
CYC1,1|5|10,3,MIM,1.9542
SDHB,1|3|5,3,MIM,1.816
COQ7,5,1,MIM,1.895
SDHA,1|3,2,MIM,1.6359
UQCRC1,1|8,2,MIM,1.4954
COQ5,5,1,MIM,1.7367
PDHA1,3,1,Matrix,1.5875
COQ9,5,1,MIM,1.4923
MRPL12,6|7,2,Matrix,1.4485
ATP5F1D,2,1,MIM,1.8654
COX5A,2,1,MIM,1.5105
ISCA2,5,1,Matrix,1.6279
PMPCB,8,1,Matrix,1.4251
UQCRFS1,1|5,2,MIM,2.0
ATP5F1A,2,1,MIM,1.5467
OGDH,3,1,Matrix,1.6484
PDHB,3,1,Matrix,1.6597
UQCRC2,1|8,2,MIM,1.6372
SDHD,1|3|5,3,MIM,2.0
MRPS35,6,1,Matrix,1.6309
UQCRQ,1,1,MIM,1.8289
MRPL53,6,1,Matrix,1.8289
DBT,5,1,Matrix,1.3449
PDK4,3,1,MIM,1.5476
MDH2,3,1,Matrix,1.7636
MRPS27,6,1,Matrix,1.3382
CS,3,1,Matrix,1.8872
GRPEL1,5|8,2,Matrix,1.3699
DLAT,3,1,Matrix,1.9458
LRPPRC,7,1,Matrix,1.4225
DLST,3|5,2,Matrix,1.5304
PDHX,3,1,Matrix,1.5196
GFM1,6,1,Matrix,1.5951
MPC2,3,1,MIM,2.0
NDUFS1,0|5,2,MIM,1.7527
MRPL46,6,1,Matrix,1.2507
ATP5F1E,2,1,MIM,2.0
SLC25A3,5|9|13,3,MIM,2.0
MRPS23,6,1,Matrix,2.0
FH,3,1,Matrix,1.4723
PMPCA,8,1,Matrix,1.3905
ATP5F1B,2,1,MIM,1.5572
SDHAF4,1,1,Matrix,2.0
UQCR10,1,1,MIM,2.0
ISCA1,5,1,Matrix,1.7885
SUCLA2,3,1,Matrix,1.3316
COQ3,5,1,MIM,1.5872
IARS2,6,1,Matrix,1.3604
MRPS15,6,1,Matrix,1.664
IDH3A,3,1,Matrix,1.8442
COX11,2|5,2,MIM,1.5142
ETFDH,4|5|10,3,MIM,1.7741
TIMM10,8,1,MIM,1.8628
MRPL34,6,1,Matrix,1.5336
MRPL2,6,1,Matrix,1.7364
BCKDHA,5,1,MIM,1.3248
UQCRH,1,1,MIM,1.9768
HIGD2A,1,1,MIM,1.963
ATP5PO,2,1,MIM,1.7885
ECHS1,4|5,2,Matrix,1.2454
LETMD1,9,1,Membrane,1.078
COX6A1,2,1,MIM,1.1616
COX15,2|5,2,MIM,1.6812
AFG3L2,8,1,MIM,1.7244
HADHA,4|5,2,MIM,1.3604
ETFA,4|5|10,3,Matrix,1.6934
NDUFS7,0|5,2,MIM,1.1986
CPT2,4,1,MIM,1.316
BCKDHB,5,1,MIM,1.6136
IDH3B,3,1,Matrix,1.0538
LARS2,6,1,Matrix,1.8107
ACADS,4,1,Matrix,1.3087
LETM1,13,1,MIM,1.4845
ATP5ME,2|11,2,MIM,2.0
OPA1,11,1,MIM,1.7539
AUH,5,1,Matrix,1.8837
SUCLG1,3,1,Matrix,1.8968
NDUFV2,0|5,2,MIM,1.2983
COQ6,5,1,MIM,1.262
MRPL43,6,1,Matrix,1.0733
ABHD11,3,1,Matrix,1.2454
ATP5PF,2,1,MIM,1.2334
NDUFB8,0,1,MIM,1.2419
LONP1,8,1,Matrix,1.0011
DLD,3|5,2,Matrix,1.477
AIFM1,0|8|12,3,MIM,1.4711
ECHDC3,5,1,Matrix,1.1209
APOOL,11,1,MIM,2.0
MRPL10,6,1,Matrix,1.5952
MRRF,6,1,Matrix,1.1425
NDUFS8,0|5,2,MIM,1.4154
ACADM,4,1,Matrix,1.3306
IMMT,11,1,MIM,1.7646
TIMM9,8,1,MIM,1.7971
SLC25A4,9|12,2,MIM,1.7142
SAMM50,8|11,2,MOM,1.6993
NDUFS2,0|5,2,MIM,1.5128
NDUFV1,0|5,2,MIM,1.5128
ACO2,3|5,2,Matrix,1.3674
SUPV3L1,7,1,Matrix,1.1092
FECH,5,1,MIM,1.1685
MTIF2,6,1,Matrix,1.5894
HIBCH,5,1,Matrix,1.0164
MRPS2,6,1,Matrix,1.3683
HSPA9,5,1,Matrix,1.272
SURF1,2,1,MIM,1.3831
PRDX3,10,1,Matrix,1.1336
GHITM,12,1,MIM,1.1612
GUF1,5,1,Matrix,1.3396
TIMM13,8,1,MIM,1.6865
LYRM4,5,1,Matrix,1.1446
MRPL16,6,1,Matrix,1.9949
MRPL40,6,1,Matrix,0.9677
IDH3G,3,1,Matrix,1.6027
SDHC,1|3|5,3,MIM,1.1928
NDUFB5,0,1,MIM,1.1935
SDHAF2,1,1,Matrix,1.444
COQ10A,5,1,MIM,1.1517
TXN2,10,1,Matrix,1.1762
MRPS18A,6,1,Matrix,1.2933
COX6C,2,1,MIM,1.6934
NDUFB9,0,1,MIM,1.705
MTCH2,9|11,2,MOM,1.6727
NDUFA6,0,1,MIM,2.0
SLC25A20,4|9,2,MIM,1.6347
MRPL1,6,1,Matrix,1.2674
TIMM44,8,1,MIM,1.3867
COX17,2|5,2,IMS,1.7487
MICOS10,11,1,MIM,1.7852
COX6B1,2,1,MIM,1.8881
VDAC1,11|12,2,MOM,1.8374
CLPP,8,1,Matrix,1.1306
HADH,4|5,2,Matrix,1.3913
ACADL,4,1,MIM,1.1151
ACAT1,4|5,2,Matrix,1.2106
MALSU1,6,1,Matrix,1.2056
CLPX,8,1,Matrix,1.5148
NDUFS4,0,1,MIM,1.2419
MRPL4,6,1,Matrix,1.4345
C1QBP,13,1,Matrix,0.9491
PITRM1,8,1,Matrix,1.3313
UQCC1,1,1,MIM,1.7123
MRPL55,6,1,Matrix,1.3336
MRM1,7,1,Matrix,1.0451
MECR,4,1,Matrix,1.1709
MRPL44,6,1,Matrix,1.245
HSDL2,5,1,Matrix,2.0
MRPS14,6,1,Matrix,1.2509
ABCB8,9,1,MIM,1.2155
ATPAF2,2,1,Matrix,1.3594
NDUFA9,0,1,MIM,1.1935
COA6,2,1,IMS,1.8801
POLRMT,7,1,Matrix,1.6934
ISCU,5,1,Matrix,1.391
RTN4IP1,5,1,Matrix,1.6229
OGDHL,3,1,Matrix,1.2545
ATP5F1C,2,1,MIM,1.9127
BCKDK,5,1,Matrix,1.2503
GFM2,6,1,Matrix,1.6885
NDUFAF4,0,1,MIM,1.9907
SLC25A35,9,1,MIM,1.4826
SLC25A11,3|9,2,MIM,1.5713
TIMM8B,8,1,MIM,1.584
MCAT,4,1,Matrix,1.2394
IBA57,5,1,Matrix,1.2394
PHB2,8,1,MIM,1.6591
DAP3,6,1,Matrix,1.2317
CMC2,2,1,IMS,1.4746
SDHAF1,1,1,Matrix,1.1658
MRPS17,6,1,Matrix,1.3064
ADHFE1,5,1,Matrix,1.1443
NFS1,5,1,Matrix,1.4873
NDUFAF5,0,1,MIM,0.9892
MRPL17,6,1,Matrix,1.0479
TACO1,2|6,2,Matrix,1.3966
MFN1,11,1,MOM,1.4515
PPTC7,5,1,Matrix,1.7633
MRPL11,6,1,Matrix,1.5997
COX4I1,2,1,MIM,1.5345
NDUFS6,0,1,MIM,1.493
MRPL13,6,1,Matrix,1.5597
OXCT1,4,1,Matrix,1.2973
COX5B,2,1,MIM,1.2672
PDK2,3,1,Matrix,1.6423
ALAS1,5,1,Matrix,1.2773
MRPL33,6,1,Matrix,1.599
MTO1,5|7,2,Matrix,1.5232
LIAS,4|5,2,Matrix,1.5664
NDUFA5,0,1,MIM,1.6819
NDUFB6,0,1,MIM,1.7165
MTX2,8|11,2,MOM,1.705
SUCLG2,3,1,Matrix,1.3687
FDX1,4|5,2,Matrix,1.0373
SLC25A1,3|9,2,MIM,1.6448
MRPS28,6,1,Matrix,1.3306
TIMM50,8,1,MIM,1.9027
VDAC2,12,1,MOM,1.3591
SLC25A42,5|9,2,MIM,1.4868
TOMM7,8|12,2,MOM,1.8579
ECH1,5,1,Matrix,1.1302
GATB,6,1,Matrix,1.5426
BCS1L,1,1,MIM,1.7897
ERAL1,6|7,2,Matrix,1.1416
CMC1,2,1,IMS,1.463
MRPL28,6,1,Matrix,2.0
TSFM,6,1,Matrix,0.9776
FXN,5,1,Matrix,1.2598
NFU1,5,1,Matrix,1.2159
YARS2,6,1,Matrix,1.2488
MRPL21,6,1,Matrix,1.2379
ALDH4A1,5,1,Matrix,0.9846
TOMM40L,8,1,MOM,1.4678
NDUFAF1,0,1,MIM,1.2141
NDUFB10,0,1,MIM,1.5629
ACADSB,4|5,2,Matrix,1.3271
MRPS9,6|7,2,Matrix,1.3064
COQ8A,5,1,MIM,1.427
ACADVL,4,1,MIM,1.2718
COQ4,5,1,MIM,0.9861
MRPL15,6,1,Matrix,1.3899
NDUFA2,0,1,MIM,1.2973
MRPL24,6,1,Matrix,1.3516
HSPD1,8,1,Matrix,1.3064
NDUFS5,0,1,MIM,1.6589
AK3,5,1,Matrix,1.2962
CYCS,5|10|12,3,IMS,1.6057
MIPEP,8,1,Matrix,0.9137
LYRM7,1,1,Matrix,1.5552
CRAT,4,1,MIM,1.052
PCCB,4,1,Matrix,1.1979
MRPS7,6|7,2,Matrix,1.3521
MRPL3,6,1,Matrix,1.5556
PRODH,5|10,2,MIM,1.2894
PCCA,4|5,2,Matrix,1.3423
MCCC1,5,1,Matrix,1.3227
MRPS12,6,1,Matrix,1.5431
CLPB,8,1,IMS,0.9444
PDK1,3,1,Matrix,0.9479
MRPL49,6,1,Matrix,1.1975
COX7A2,2,1,MIM,1.5418
TMEM126A,0,1,MIM,1.5312
ECHDC2,5,1,Matrix,1.0867
HCCS,5,1,IMS,1.3594
HIBADH,5,1,Matrix,0.9979
MRPL19,6,1,Matrix,1.1502
MRPL36,6,1,Matrix,1.4502
SLC25A30,9|10,2,MIM,1.6879
BDH1,4,1,MIM,0.9232
FARS2,6,1,Matrix,1.1047
ABCB7,5|9,2,MIM,1.2731
MTX1,8|11,2,MOM,1.5967
NDUFA7,0,1,MIM,1.7868
TIMM17A,8,1,MIM,1.32
ALDH9A1,5|10,2,Matrix,0.8944
MRPS18C,6,1,Matrix,1.4753
MARS2,6,1,Matrix,1.1625
ALDH6A1,5,1,MIM,1.2873
FDXR,4|5,2,Matrix,0.9953
GATC,6,1,Matrix,1.1526
TRAP1,8,1,Matrix,1.0524
ACAD8,5,1,Matrix,1.0391
ALDH2,10,1,Matrix,0.9314
PPIF,12,1,Matrix,0.906
TIMM22,8,1,MIM,1.2787
IVD,5,1,Matrix,1.4308
L2HGDH,3,1,MIM,0.887
ETHE1,10,1,Matrix,1.0279
MRPL20,6,1,Matrix,0.9119
SLC25A5,9|12,2,MIM,1.584
SLC25A12,3|5|9|13,4,MIM,1.2925
MRPS21,6,1,Matrix,1.5939
TOMM22,8,1,MOM,1.5068
ACAA2,4|5,2,Matrix,1.4261
MRPL30,6,1,Matrix,1.6299
DNAJA3,8,1,Matrix,1.3717
NDUFB2,0,1,MIM,1.188
MRPS34,6,1,Matrix,1.1484
ETFB,4|5|10,3,Matrix,1.9335
AFG1L,8,1,MIM,1.6449
ATP5IF1,2,1,Matrix,1.3179
ATP5PB,2,1,MIM,1.9008
COX7C,2,1,MIM,1.9008
CHCHD3,11,1,MIM,1.5898
COQ10B,5,1,MIM,1.1209
ACSF3,4,1,Matrix,1.0378
POLDIP2,7,1,Matrix,0.9926
SLC25A10,3|9,2,MIM,1.4446
SLC25A13,3|5|9|13,4,MIM,1.3939
PDK3,3,1,Matrix,1.0873
ME3,3,1,Matrix,1.6526
MRPL22,6,1,Matrix,1.3472
IDH2,3,1,Matrix,0.8462
GCDH,5,1,Matrix,0.9462
MRPL47,6|7,2,Matrix,0.879
PPA2,5,1,Matrix,1.0886
MRPL9,6,1,Matrix,1.1476
CHCHD10,10,1,IMS,1.2141
WARS2,6,1,Matrix,1.0954
SLC25A19,9,1,MIM,1.3363
CBR4,4,1,Matrix,1.6406
SMDT1,9|13,2,MIM,1.1923
HAGH,10,1,Matrix,0.8205
COX7A1,2,1,MIM,1.0796
MTG1,6,1,Matrix,1.4697
COX14,2|6,2,MIM,1.4208
NDUFA12,0,1,MIM,1.9475
MRPS16,6,1,Matrix,1.3041
MTERF2,7,1,Matrix,0.937
ETFRF1,10,1,Matrix,1.4515
GPD2,10,1,MIM,1.5301
NDUFA10,0,1,MIM,1.3245
NDUFC2,0,1,MIM,1.6819
SLIRP,7,1,Matrix,0.8951
MT-ATP6,2,1,MIM,1.7388
MT-CO2,2,1,MIM,1.7388
TIMM21,2|6|8,3,MIM,1.6865
NDUFA8,0,1,MIM,1.4918
GLS,5,1,MIM,0.9215
NDUFB11,0,1,MIM,1.0419
DHTKD1,5,1,Matrix,1.283
FAHD2A,5,1,Matrix,1.0954
HSD17B8,4,1,Matrix,0.966
HINT2,4,1,Matrix,0.974
MRPS5,6,1,Matrix,1.2955
C6orf136,5,1,Matrix,1.0962
SPRYD4,5,1,Matrix,1.0886
LIPT2,4,1,Matrix,1.2198
DECR1,4,1,Matrix,1.3619
MRPS26,6,1,Matrix,0.9504
SLC25A15,5|9,2,MIM,1.3686
NDUFV3,0,1,MIM,1.276
BPHL,10,1,Matrix,0.9928
STOML2,2,1,MIM,1.0103
MSRB2,10,1,Matrix,0.9788
LACTB,4|8,2,IMS,0.8926
TOMM40,8,1,MOM,1.2197
SLC25A25,9|13,2,MIM,1.2313
ADCK5,5,1,unknown,0.961
ACAD10,4,1,Matrix,0.9208
VWA8,5,1,Matrix,1.2574
CCDC90B,2,1,MIM,0.8617
DNAJC11,11,1,MOM,1.3173
ALKBH7,5,1,Matrix,1.0735
GLDC,5,1,Matrix,1.3237
MPC1L,3,1,MIM,1.452
THEM4,2,1,MIM,0.8756
SSBP1,7,1,Matrix,1.3041
MRPL27,6,1,Matrix,1.3041
HSCB,5,1,Matrix,1.0537
MRPS10,6,1,Matrix,1.4969
AK4,5,1,Matrix,1.4801
ATAD3A,7|11,2,MIM,1.437
MRPL37,6,1,Matrix,1.2012
PTGES2,2,1,MIM,1.2844
TXNRD2,10,1,Matrix,0.9053
ACSM5,4|10,2,Matrix,0.9053
CISD1,5,1,MOM,1.4717
MRPL41,6,1,Matrix,1.5246
MTARC2,5|10,2,MOM,1.151
MRPS6,6,1,Matrix,1.4189
MRPL23,6,1,Matrix,1.3608
SQOR,10,1,MIM,1.1213
SCO1,2|5,2,MIM,1.0275
GCAT,5,1,unknown,1.0077
MTHFD1L,5,1,Matrix,1.0176
ECI2,4,1,Matrix,0.9757
UQCRB,1,1,MIM,1.728
ATP5PD,2,1,MIM,1.728
ATP5MG,2|11,2,MIM,1.728
MCCC2,5,1,Matrix,1.1765
MCEE,4,1,Matrix,1.1088
MOCS1,5,1,Matrix,0.9459
MMUT,4|5,2,Matrix,1.463
SLC25A51,5|9,2,MIM,1.2545
SPG7,8,1,MIM,1.437
ATP5MC3,2,1,MIM,1.3292
ATAD1,8,1,MOM,1.2694
OXNAD1,5,1,Matrix,1.5368
MTG2,6,1,Matrix,0.982
DARS2,6,1,Matrix,1.0582
MRPL51,6,1,Matrix,1.112
PC,3|5,2,Matrix,1.1757
CLYBL,5,1,Matrix,1.0368
PNPLA8,4,1,MIM,1.4876
MLYCD,5,1,Matrix,0.9408
PYURF,5,1,unknown,0.9024
TIMM17B,8,1,MIM,1.1616
MRPL32,6,1,Matrix,1.391
SLC25A26,9,1,MIM,1.4054
PRODH2,5|10,2,MIM,1.0179
NIT2,5,1,unknown,1.6213
FDX2,5,1,Matrix,1.0149
ME2,3,1,Matrix,1.2095
TUFM,6,1,Matrix,1.4969
COX6A2,2,1,MIM,1.151
SLC30A9,2,1,MIM,0.8306
TAMM41,4,1,MIM,1.3179
TIMM23,8,1,MIM,1.584
RMND1,7,1,MIM,1.3041
MFN2,11,1,MOM,1.3084
DNLZ,8,1,Matrix,1.0679
CHCHD4,8,1,IMS,1.1113
NDUFAB1,0|4|5,3,MIM,1.1664
ACSM1,4,1,Matrix,1.1214
COA5,2,1,IMS,1.1866
COQ2,5,1,MIM,1.5649
PDSS2,5,1,MIM,1.1855
EHHADH,5,1,unknown,1.3173
NDUFS3,0,1,MIM,1.1592
ABCB10,5|9,2,MIM,1.1107
CKMT2,2,1,MIM,1.1088
MRPS25,6,1,Matrix,1.1088
ACAD9,0,1,MIM,0.94
COX16,2,1,MIM,1.728
FAM210A,2,1,MIM,1.0224
ACOT13,5,1,Matrix,1.5362
CPT1A,4,1,MOM,1.1079
DHRS4,5,1,Matrix,1.1365
PRELID2,10,1,IMS,1.1405
CARS2,6,1,Matrix,1.1676
NIPSNAP2,12,1,Matrix,0.9139
NDUFB7,0,1,MIM,1.4112
MICOS13,11,1,MIM,1.3632
GLRX2,5|10,2,Matrix,0.8847
MRPS30,6,1,Matrix,0.9148
SCO2,2|5,2,MIM,0.9979
HSD17B10,4|5|7,3,Matrix,1.3608
NARS2,6,1,Matrix,1.1365
RPUSD3,7,1,Matrix,1.0778
SUOX,5|10,2,IMS,1.0074
SARDH,5,1,Matrix,0.906
RIDA,5,1,Matrix,1.2197
COX8A,2,1,MIM,1.1318
SPR,5,1,unknown,1.3771
MPV17,2,1,MIM,1.3295
MRPL18,6,1,Matrix,0.9737
ALDH1B1,10,1,Matrix,1.0079
CHCHD1,6,1,MIM,1.2104
TIMM8A,8,1,MIM,1.584
VDAC3,12,1,MOM,1.584
SLC25A24,9|13,2,MIM,1.2925
MPC1,3,1,MIM,1.584
SLC25A22,9,1,MIM,1.2925
SLC25A31,9|12,2,MIM,1.2925
SLC25A18,9,1,MIM,1.2925
TRNT1,7,1,Matrix,1.0398
IDE,8,1,Matrix,1.2737
GSTK1,10,1,Matrix,1.6013
VARS2,6,1,Matrix,0.9996
HSPE1,8,1,Matrix,1.3586
MRPL54,6,1,Matrix,1.3389
MRPL38,6,1,Matrix,1.1669
MRPL58,6,1,Matrix,0.8198
MTCH1,9,1,MOM,1.1848
TRIAP1,4,1,IMS,1.1421
PTCD3,6,1,Matrix,1.056
COX10,2|5,2,MIM,1.8278
AKAP1,13,1,MOM,1.2436
MRM3,6|7,2,Matrix,0.96
AK2,10,1,IMS,1.5431
TMEM70,0|2,2,MIM,1.5418
NOA1,6|7,2,MIM,0.9435
MCUR1,2,1,MIM,1.584
TMEM14C,2,1,MIM,1.1088
NDUFC1,0,1,MIM,1.1443
MRPL35,6,1,Matrix,1.1189
NDUFA3,0,1,MIM,1.3024
PDSS1,5,1,MIM,1.0778
SLC25A16,9,1,MIM,1.2989
FMC1,2,1,Matrix,1.0656
ACSM3,4,1,Matrix,0.8634
NDUFAF6,0,1,MIM,1.2096
UCP1,9,1,MIM,1.225
SFXN1,5|9,2,MIM,1.3789
GLRX5,5,1,Matrix,1.2333
PTRH1,5,1,Matrix,1.1708
MRPS11,6,1,Matrix,0.9226
XPNPEP3,8,1,Matrix,1.446
PDP1,3,1,MIM,0.9331
ECI1,4,1,Matrix,1.0977
SLC25A21,9,1,MIM,1.452
SLC25A29,5|9,2,MIM,1.1848
SLC25A45,9,1,MIM,1.1848
SDHAF3,1,1,Matrix,1.2672
PRELID3B,4,1,IMS,1.32
SLC25A39,9,1,MIM,1.2778
NDUFB3,0,1,MIM,1.4045
REXO2,7,1,Matrix,0.9907
GATM,5,1,Matrix,1.0575
TIMM10B,8,1,MIM,1.2081
SARS2,6,1,Matrix,1.0092
CHDH,5|10,2,MIM,0.8427
MRPL57,6,1,Matrix,0.9979
C8orf82,5,1,Matrix,1.1578
EARS2,6,1,Matrix,1.0582
GRHPR,5,1,Matrix,1.1689
MTFMT,5|6,2,Matrix,0.9493
PTCD2,7,1,Matrix,1.1933
ECHDC1,5,1,unknown,1.1576
HARS2,6,1,Matrix,0.9902
NDUFA4,2,1,MIM,1.4818
NDUFA13,0,1,MIM,1.4112
NAXE,5,1,Matrix,0.9605
TMEM11,2,1,MIM,1.0848
SELENOO,10,1,Matrix,0.945
NAGS,5,1,Matrix,1.1981
HSD17B4,5,1,unknown,1.2773
NDUFAF7,0,1,MIM,1.2034
OAT,5,1,Matrix,0.8548
MRPL50,6,1,Matrix,1.3056
COX7B,2,1,MIM,1.134
RARS2,6,1,Matrix,1.3831
OXLD1,5,1,unknown,1.5125
LACTB2,7,1,Matrix,1.2128
NDUFA11,0,1,MIM,1.175
AURKAIP1,6,1,Matrix,1.2519
CHCHD7,5,1,IMS,1.2696
SHMT2,5,1,Matrix,0.97
MTHFD2,5,1,Matrix,0.9341
RMDN1,12,1,MOM,0.7488
CPS1,5,1,Matrix,1.286
MRPL14,6,1,Matrix,1.0614
MTRES1,7,1,Matrix,1.1844
RDH13,5,1,MIM,0.9979
TRMT2B,7,1,Matrix,1.0638
MRPS24,6,1,Matrix,1.2936
COA3,2|6,2,MIM,1.2883
GSR,10,1,Matrix,0.9808
ENDOG,7|12,2,IMS,1.3777
BCAT2,5,1,Matrix,1.0977
TEFM,7,1,Matrix,1.168
ACSF2,4,1,Matrix,0.9979
TRMU,7,1,Matrix,1.3412
MRPS22,6,1,Matrix,1.2192
LAP3,8,1,Matrix,0.8516
GLUD1,5,1,Matrix,1.3705
HMGCL,4|5,2,Matrix,0.7762
FHIT,5,1,Matrix,1.4322
MRPS33,6,1,Matrix,1.188
NUBPL,0|5,2,Matrix,1.3241
LYRM2,0,1,Matrix,0.8141
MPV17L,2,1,MIM,1.0469
GADD45GIP1,6,1,Matrix,1.0613
TFAM,7,1,Matrix,0.8565
ALDH18A1,5,1,Matrix,1.3389
OXSM,4,1,Matrix,0.9808
KYAT3,5,1,Matrix,0.9619
TARS2,6,1,Matrix,0.9808
TBRG4,7,1,Matrix,0.7744
TMEM65,2,1,MIM,0.7744
ROMO1,8,1,MIM,1.44
PRDX5,10,1,Matrix,0.9253
DNAJC15,8,1,MIM,1.1378
MAIP1,8,1,Matrix,0.9677
HIGD1A,1|2,2,MIM,1.1635
RHOT2,11|13,2,MOM,1.2802
SLC25A44,5|9,2,MIM,1.0666
HAO2,5,1,unknown,1.1264
OXA1L,2,1,MIM,0.979
SLC25A46,9|11,2,MOM,1.1635
RDH14,5,1,Membrane,1.1476
CA5B,5,1,Matrix,0.9148
COASY,5,1,Matrix,0.9314
CISD3,5,1,Matrix,0.9314
GSTZ1,10,1,Matrix,1.2923
COX6B2,2,1,MIM,1.0771
GLOD4,5,1,Matrix,0.8141
ACAA1,5,1,unknown,1.3717
CROT,4,1,unknown,0.9887
PDF,6,1,Matrix,1.2586
COX19,2|5,2,IMS,1.3427
AMT,5,1,Matrix,0.9702
PDPR,3,1,Matrix,0.9702
NLN,8,1,Matrix,0.8072
BOLA1,5,1,Matrix,1.4131
ALAS2,5,1,Matrix,1.437
GRPEL2,5|8,2,Matrix,0.897
ALDH7A1,5|10,2,Matrix,0.9755
HDHD5,5,1,Matrix,1.1954
GFER,8,1,IMS,1.1189
IMMP2L,8,1,MIM,1.1995
COX4I2,2,1,MIM,1.44
MRPL39,6,1,Matrix,1.0251
AADAT,5,1,Matrix,1.0778
FUNDC2,11,1,MOM,1.2672
LYPLA1,5,1,unknown,1.3053
PDHA2,3,1,Matrix,1.1405
MTRF1L,6,1,Matrix,0.8303
GTPBP3,5|7,2,Matrix,0.8303
MTHFD2L,5,1,Matrix,0.8063
YME1L1,8,1,MIM,1.4266
ACOT2,5,1,Matrix,1.0977
COA8,2,1,MIM,1.1405
MMAB,5,1,Matrix,1.0217
PPOX,5,1,MIM,1.1753
ABCD3,9,1,Membrane,0.9145
SIRT3,5,1,Matrix,1.1448
LDHD,2,1,MIM,1.2685
MRPL45,6,1,Matrix,1.2225
IMMP1L,8,1,MIM,1.449
POLG,7,1,Matrix,0.9163
ATPAF1,2,1,Matrix,1.44
BLOC1S1,5,1,unknown,1.2936
ALDH1L2,5,1,Matrix,0.9002
COX18,2,1,MIM,1.0059
CPOX,5,1,MIM,1.1157
NNT,5,1,MIM,1.2002
NDUFAF8,0,1,IMS,0.9864
ATP23,8,1,IMS,1.2096
DCAKD,9,1,Membrane,1.1776
ATP5MF,2,1,MIM,1.3112
SFXN3,5|9,2,MIM,1.2096
AASS,5,1,Matrix,1.1088
DIABLO,12,1,IMS,0.7757
COX8C,2,1,MIM,0.7834
PXMP2,2,1,MIM,0.8649
AGXT2,5,1,Matrix,1.4553
GLS2,5,1,Matrix,1.0771
APOO,11,1,MIM,1.584
ACAD11,4,1,MIM,1.2
C5orf63,5,1,Matrix,0.8832
HOGA1,5,1,Matrix,0.9063
TTC19,1,1,MIM,0.7197
NGRN,6|7,2,Matrix,1.4653
TCAIM,5,1,Matrix,1.3536
GCSH,4|5,2,Matrix,1.242
SIRT5,5,1,Matrix,1.0977
GPT2,5,1,Matrix,0.9071
TOMM6,8,1,MOM,1.152
FAM162A,2,1,MIM,0.924
ABCB6,5|9,2,MOM,1.0678
MACROD1,5,1,Matrix,0.7744
TST,10,1,Matrix,1.1582
MT-CO1,2|5,2,MIM,1.449
MTFR1L,5,1,unknown,1.0656
SDR39U1,5,1,unknown,1.2807
DMGDH,5,1,Matrix,0.9716
SLC25A14,9|10,2,MIM,1.0666
PRELID3A,4,1,IMS,1.0666
CHCHD5,10,1,IMS,1.0584
TOMM70,8,1,MOM,1.0256
NIT1,10,1,Matrix,1.0349
FAHD1,3,1,Matrix,1.3844
MCU,9|13,2,MIM,1.1848
CYP27A1,4|5,2,MIM,0.754
MT-ND2,0,1,MIM,1.449
MT-ND4,0,1,MIM,1.449
MT-ND5,0,1,MIM,1.449
DELE1,2,1,MIM,0.8467
FASTKD1,7,1,Matrix,1.3632
MRPS31,6,1,Matrix,0.8496
ALDH1L1,5,1,Matrix,1.0192
PTCD1,7,1,Matrix,0.8064
HADHB,4|5,2,MIM,1.3608
TRIT1,7,1,Matrix,1.1776
CRLS1,4,1,MIM,1.1267
GLYCTK,5,1,Matrix,0.7526
SLC25A32,5|9,2,MIM,1.0877
AARS2,6,1,Matrix,0.7849
EXOG,7,1,MIM,0.9081
CHCHD2,12,1,IMS,1.0395
KMO,5,1,MOM,1.182
SFXN5,3|9,2,MIM,1.131
ELAC2,7,1,Matrix,0.9494
GPX1,10,1,Matrix,0.979
CPT1B,4,1,MOM,1.2705
FIS1,11,1,MOM,1.1635
PRELID1,4,1,IMS,1.44
UCP3,9,1,MIM,1.0666
SLC25A27,9,1,MIM,1.0666
SLC25A40,9,1,MIM,1.0666
SLC25A23,9|13,2,MIM,1.0666
HEMK1,6,1,Matrix,1.116
SLC25A36,9,1,MIM,1.1405
OMA1,8|11,2,MIM,0.8294
LETM2,2,1,MIM,0.9504
DHRS1,4,1,MIM,1.3325
STOM,9,1,Membrane,1.0079
METTL5,7,1,Matrix,1.1923
MSRA,10,1,Matrix,1.2308
NUDT8,5,1,Matrix,1.2419
NMNAT3,5,1,Matrix,1.2419
SLC25A38,5|9,2,MIM,1.2096
MPV17L2,6,1,MIM,1.0441
ACLY,3,1,Matrix,1.0977
ABCD2,9,1,Membrane,1.0002
FLAD1,5,1,Matrix,0.9223
LIPT1,4,1,Matrix,1.2096
DGLUCY,5,1,Matrix,0.8316
PCK2,3,1,Matrix,0.9794
NADK2,5,1,Matrix,0.9702
MPST,10,1,MIM,1.1642
NUDT13,5,1,Matrix,0.9744
ACACA,4|5,2,Matrix,0.9516
ABAT,5,1,Matrix,0.9253
HMGCS2,4,1,Matrix,0.9253
ALDH5A1,5,1,Matrix,0.9344
CKMT1A,2,1,MIM,0.9163
PISD,4,1,MIM,1.1088
NDUFB4,0,1,MIM,1.44
UQCR11,1,1,MIM,1.44
FAM136A,10,1,IMS,1.44
TOMM5,8,1,MOM,1.44
HTRA2,8|12,2,MIM,0.8916
NDUFA1,0,1,MIM,1.2768
MT-CYB,1|5|10,3,MIM,1.449
GUK1,5,1,Matrix,1.0109
D2HGDH,3,1,Matrix,1.134
OPA3,12,1,MOM,1.0296
AKR1B10,5|10,2,unknown,1.1808
PHYH,5,1,Matrix,0.7999
NDUFAF2,0,1,MIM,1.0368
ECSIT,0,1,MIM,1.1676
PARL,8|12,2,MIM,1.512
MRPL42,6,1,Matrix,1.44
DNAJC4,9,1,Membrane,0.8129
PAM16,8,1,MIM,1.518
ALDH3A2,10,1,Membrane,0.762
ACSL6,4,1,MOM,1.0688
MRS2,2,1,MIM,1.0176
ABHD10,10,1,Matrix,1.1306
HINT3,5,1,unknown,1.2338
PXMP4,5,1,unknown,0.9418
OSGEPL1,7,1,Matrix,1.2832
NUDT2,5,1,Matrix,1.1794
CYB5B,5|10,2,MOM,1.1693
GRSF1,6|7,2,Matrix,1.0349
MRPS18B,6,1,Matrix,0.9072
DNAJC30,2,1,MIM,0.9072
CAT,10,1,IMS,1.0886
DGUOK,5,1,Matrix,0.8649
ACOT9,2,1,MIM,0.8565
ACSS1,4,1,MIM,0.8649
RFK,5,1,Matrix,0.9696
STARD7,4,1,IMS,1.013
CHPT1,4,1,MIM,1.1554
MT-ATP8,2,1,MIM,1.32
TIMMDC1,0,1,MIM,1.0771
SPATA19,5,1,unknown,1.0666
HTATIP2,9,1,Membrane,1.104
AKR7A2,5|10,2,Matrix,0.887
DUT,5,1,Matrix,1.115
MT-CO3,2,1,MIM,1.449
DHRS7B,9,1,Membrane,1.1521
MTRF1,6,1,Matrix,1.2474
TMEM143,2,1,MIM,0.9576
NT5M,5,1,Matrix,0.7862
RHOT1,11|13,2,MOM,1.069
NME4,2,1,MIM,0.8659
MTHFS,5,1,Matrix,1.0716
TIMM29,8,1,MIM,0.7616
PNPO,5,1,Matrix,1.3363
MICU2,9|13,2,MIM,0.7197
PCBD2,5,1,unknown,0.672
QRSL1,6,1,Matrix,1.1059
ADCK1,5,1,unknown,1.0179
PRDX6,4|10,2,unknown,1.1104
NIPSNAP1,12,1,Matrix,0.9245
GARS1,6,1,Matrix,0.995
ACSM2A,4|10,2,Matrix,0.8097
SLC25A33,9,1,MIM,1.0771
LYRM9,5,1,unknown,0.9792
RAB24,11|12,2,MOM,0.9261
PARS2,6,1,Matrix,1.1553
MRPL52,6,1,Matrix,0.8064
PUS1,7,1,Matrix,0.8815
GOT2,3|5|10,3,MIM,1.26
NAXD,5,1,MIM,1.0382
MT-ND3,0,1,MIM,1.38
ACCS,5,1,unknown,1.1431
PTRH2,12,1,MOM,1.1051
PGS1,4,1,MIM,1.008
OXR1,10,1,MOM,1.0266
LYPLAL1,5,1,unknown,1.1088
DNAJC28,5,1,unknown,1.3173
FPGS,5,1,Matrix,1.0398
TMEM205,9,1,Membrane,1.1813
SLC25A53,9,1,MIM,1.056
AIFM3,5|12,2,MIM,1.2823
MGST1,10,1,Membrane,1.0584
MTFP1,11,1,Membrane,0.912
COA4,2,1,IMS,1.26
NIF3L1,5,1,Matrix,1.0529
PUSL1,5,1,Matrix,1.4969
SDSL,5,1,unknown,1.0977
BAX,12,1,MOM,0.9794
MAVS,13,1,MOM,1.056
METTL17,6|7,2,Matrix,1.175
ACACB,4|5,2,MOM,1.2383
ARG2,5,1,Matrix,0.6787
MTPAP,7,1,Matrix,0.6922
CCDC51,2,1,MIM,0.7999
SUGCT,5,1,Matrix,0.9437
DNM1L,11,1,MOM,0.9332
NRDC,8,1,Matrix,1.0472
TMEM126B,0,1,MIM,1.2
NSUN4,6|7,2,Matrix,0.9408
ACSS3,5,1,Matrix,1.3098
FAM210B,5,1,MIM,0.9936
RBFA,6,1,Matrix,0.7728
METAP1D,6|8,2,Matrix,0.9798
AHCYL1,11,1,MOM,0.9888
NIPSNAP3A,5,1,Matrix,0.7181
MTARC1,5|10,2,MOM,1.175
FUNDC1,12,1,MOM,1.1371
ACSL1,4,1,MOM,1.1621
COX20,2,1,MIM,1.2
HSDL1,5,1,unknown,1.0179
CBR3,10,1,Matrix,0.8165
MTERF4,6,1,Matrix,1.056
NUDT19,5,1,Matrix,0.7787
HEBP1,10,1,IMS,0.9887
PTPMT1,4,1,MIM,0.9979
PGAM5,12,1,MOM,0.9794
DTYMK,5,1,Matrix,1.115
KARS1,6,1,Matrix,0.8573
STAR,4,1,MOM|IMS,0.8165
DNAJC19,8,1,MIM,1.323
OTC,5,1,Matrix,0.7862
COX7A2L,1|2,2,MIM,0.9984
MTERF3,6,1,Matrix,0.9072
SFXN2,9,1,MIM,1.0886
FASN,10,1,IMS,1.0573
PINK1,12,1,MOM,0.8064
TMEM177,2,1,MIM,0.8568
TXNRD1,10,1,unknown,1.0002
THNSL1,5,1,Matrix,1.0469
FDPS,2,1,MIM,0.9923
IDI1,5,1,Matrix,0.9923
TOP3A,7,1,Matrix,0.7403
FTMT,5,1,Matrix,0.6854
LDHAL6B,5,1,Matrix,0.9253
MTFR1,11,1,Membrane,1.0656
BCL2L13,12,1,MOM,0.979
TRMT10C,7,1,Matrix,0.719
ACOT7,5,1,Matrix,0.6787
TFB1M,6|7,2,Matrix,1.1774
ARF5,5,1,unknown,0.8988
MCUB,9|13,2,MIM,0.8813
TWNK,7,1,Matrix,0.8136
MMADHC,5,1,Matrix,0.864
PYCR2,5,1,Matrix,1.131
TSTD1,10,1,unknown,1.0793
LYRM1,5,1,unknown,1.175
OSBPL1A,4,1,unknown,0.9072
RECQL4,7,1,Matrix,0.8981
PET100,2,1,MIM,0.9696
GDAP1,12,1,MOM,0.9799
MTIF3,6,1,Matrix,1.2403
UNG,7,1,Matrix,0.9853
GLYAT,5|10,2,Matrix,0.924
ISOC2,5,1,Matrix,1.08
ATP5MC1,2,1,MIM,1.3721
QDPR,5,1,Matrix,0.7711
COQ8B,5,1,MIM,1.0079
GTPBP10,6,1,Matrix,1.0079
TSPO,4,1,MOM,1.0382
FTH1,5,1,unknown,1.0181
TRMT1,7,1,Matrix,0.7479
ADCK2,2,1,MIM,0.9765
TSTD3,5,1,unknown,0.9173
PDP2,3,1,Matrix,1.0072
AGPAT5,4,1,MOM,0.9344
MCRIP2,5,1,unknown,1.3344
UCP2,9,1,MIM,1.0877
SLC25A37,5|9,2,MIM,1.0982
SLC25A28,5|9,2,MIM,1.0877
SLC25A48,9,1,MIM,1.056
SLC25A43,9,1,MIM,1.32
SLC25A47,9,1,MIM,1.0771
SLC25A41,9,1,MIM,1.0771
SLC25A34,9,1,MIM,1.0771
EPHX2,10,1,unknown,1.0977
NUDT5,5,1,unknown,1.0685
MICU1,9|13,2,MIM,0.9173
SOD1,10,1,IMS,0.9437
SERHL2,5,1,unknown,0.995
NDUFAF3,0,1,MIM,0.7711
BOLA3,5,1,Matrix,0.945
OCIAD2,5,1,unknown,1.152
RSAD1,5,1,MIM,0.8818
CHCHD6,11,1,MIM,0.924
FASTKD2,6|7,2,Matrix,0.896
PEX11B,9,1,Membrane,0.756
TMEM186,0,1,MIM,0.7848
PIF1,5,1,Matrix,0.796
FABP1,5,1,unknown,1.0382
ABCD1,9,1,Membrane,1.0079
PLPBP,5,1,Matrix,1.0551
DBI,5,1,unknown,0.9912
PNPT1,7,1,Matrix|IMS,0.8491
TOP1MT,7,1,Matrix,0.9752
RNASEH1,7,1,Matrix,0.8694
ABCA9,9,1,Membrane,1.5649
SCP2,4,1,MIM,1.296
NT5DC3,5,1,Matrix,0.8158
CMC4,10,1,IMS,1.44
LDHB,5,1,unknown,0.9344
YBEY,6|7,2,Matrix,1.035
HINT1,5,1,unknown,1.0251
MUL1,11,1,MOM,0.9888
TK2,5,1,Matrix,0.7636
AGMAT,5,1,Matrix,0.9085
CMPK2,5,1,Matrix,0.6464
BID,12,1,MOM,0.7123
ARL2,11,1,IMS,0.8988
SYNJ2BP,11,1,MOM,0.9156
MFF,11,1,MOM,0.8976
DCXR,5,1,Matrix,0.8328
NUDT9,5,1,Matrix,1.0987
AMACR,4,1,Matrix,0.9324
VPS13D,12,1,MOM,0.9526
NUDT6,5,1,Matrix,0.9601
DMAC2,0,1,MIM,0.808
MRM2,6|7,2,Matrix,1.0877
BAK1,12,1,MOM,0.9332
DHODH,10,1,MIM,0.9517
MAOB,5|10,2,MOM,0.9332
MGST3,12,1,MOM,0.9425
ACP6,4,1,IMS,0.9425
MRPL48,6,1,Matrix,1.155
AGXT,5,1,Matrix,0.9853
CYB5R3,10,1,MOM,0.8996
DDX28,6|7,2,Matrix,0.841
PNKD,2,1,MIM,0.756
MICU3,9|13,2,MIM,0.756
BNIP3,12,1,MOM,1.2
MTX3,11,1,MOM,0.9792
MUTYH,5,1,Matrix,0.7548
GTPBP6,5,1,Matrix,0.733
CYP11A1,4|5,2,MIM,0.9517
OCIAD1,12,1,MOM,0.9888
METTL8,5,1,Matrix,0.9042
SMIM20,2,1,MIM,0.984
RPUSD4,7,1,Matrix,1.154
SMIM8,12,1,MOM,0.84
NME6,5,1,Matrix,1.0097
FKBP8,11|12,2,MOM,0.9349
ACSM4,4,1,Matrix,1.0716
NLRX1,13,1,Matrix,0.7344
FOXRED1,0,1,MIM,1.1592
TFB2M,7,1,Matrix,0.84
PPM1K,5,1,Matrix,0.6989
ATP5MC2,2,1,MIM,1.2474
MT-ND1,0,1,MIM,1.2075
MSRB3,10,1,unknown,1.1088
ACOT11,4,1,Matrix,0.8694
NIPSNAP3B,5,1,Matrix,0.7344
NTHL1,5,1,unknown,1.182
MARCHF5,12,1,MOM,0.882
SFXN4,9,1,MIM,1.0181
TRMT5,7,1,Matrix,1.1582
SLC25A6,9|12,2,MIM,1.32
SLC25A52,5|9,2,MIM,1.32
OGG1,7,1,Matrix,0.8868
ACOD1,13,1,Matrix,1.104
QTRT1,7,1,Matrix,0.9616
AIFM2,10|12,2,Membrane,1.0954
PRDX2,10,1,unknown,0.9616
FBXL4,10,1,IMS,1.2197
GPAM,4,1,Membrane,1.0332
DMAC2L,2,1,MIM,0.8888
RMDN3,11,1,MOM,0.9064
PRXL2A,10,1,Membrane,0.8888
PET117,2,1,MIM,1.15
MAOA,5|10,2,MOM,0.8568
C15orf61,5,1,Matrix,0.7272
POLQ,5,1,Matrix,0.9072
BCO2,5,1,MIM,0.84
IFI27,12|13,2,Membrane,0.9768
CRYZ,5,1,Matrix,1.0483
PYCR1,5,1,Matrix,1.26
TMLHE,4,1,Matrix,1.1025
TOMM20,8,1,MOM,1.1
YRDC,7,1,Matrix,0.7581
COA7,2,1,IMS,0.8904
DHRS2,10,1,Matrix,1.0206
MMAA,5,1,Matrix,1.2144
MIEF1,6|11,2,MOM|Matrix,0.9576
C15orf48,9,1,Membrane,0.8568
LIG3,7,1,Matrix,0.9261
BNIP3L,12,1,MOM,1.008
FASTKD5,7,1,Matrix,0.7848
PARK7,12,1,MOM,0.9492
COA1,0|2,2,MIM,1.08
COX7B2,2,1,MIM,1.08
MT-ND4L,0,1,MIM,1.2075
SIRT4,5,1,Matrix,0.7636
UQCC2,1,1,MIM,0.856
USP30,8|12,2,MOM,0.7636
PDE12,7,1,Matrix,0.7862
NME3,12,1,MOM,0.9907
DHX30,6|7,2,Matrix,0.9799
FASTK,7,1,MIM,0.96
METTL15,7,1,Matrix,1.0396
CYP24A1,5,1,MIM,0.6854
NOCT,5,1,Matrix,0.672
PANK2,5,1,IMS,0.6854
CA5A,5,1,Matrix,1.0282
NT5DC2,5,1,Matrix,0.7416
ATAD3B,7|11,2,MIM,1.3608
TRUB2,7,1,Matrix,1.0897
PRKACA,13,1,MIM,0.9744
COMTD1,9,1,Membrane,0.9064
CPT1C,4,1,MOM,0.9332
C3orf33,5,1,Matrix,0.824
MIGA2,11,1,MOM,1.024
SND1,5,1,unknown,0.995
GLUD2,5,1,Matrix,0.882
HPDL,5,1,unknown,0.8
ANGEL2,7,1,Matrix,1.0181
ANTKMT,2,1,MIM,0.84
UQCC3,1,1,MIM,0.848
PRDX4,10,1,IMS,0.9435
CDK5RAP1,7,1,Matrix,0.9163
PAICS,5,1,Matrix,0.9844
MGARP,11,1,Membrane,0.7704
HDHD3,5,1,Matrix,0.8976
CYP11B2,4|5,2,MIM,0.9072
AGPAT4,4,1,MOM,0.8484
RCC1L,7,1,Matrix,0.7848
FAM185A,5,1,Matrix,0.888
PMAIP1,12,1,MOM,0.9888
TDRKH,9,1,Membrane,0.8484
SLC8B1,13,1,MIM,0.84
CYP27B1,5,1,MIM,0.7711
POLG2,7,1,Matrix,0.7636
THEM5,5,1,Matrix,0.756
BIK,12,1,MOM,0.96
MTERF1,7,1,Matrix,1.2
MTFR2,11,1,Membrane,0.96
GPX4,10,1,MIM,1.1025
TOMM20L,12,1,MOM,0.8976
COMT,5,1,Membrane,0.84
MYG1,7,1,Matrix,1.0786
SPATA20,5,1,Matrix,0.9
OXCT2,4,1,Matrix,0.84
CCDC127,9,1,Membrane,0.816
CRY1,5,1,unknown,0.9261
ACSM2B,4,1,Matrix,0.9923
MYO19,11,1,MOM,0.8996
MGME1,7,1,Matrix,0.832
SEPTIN4,12,1,MOM,0.9425
EFHD1,13,1,MIM,0.8484
RAB5IF,1,1,MIM,0.912
APEX1,7,1,Matrix,0.9163
SPTLC2,4,1,Membrane,0.9435
DMAC1,0,1,MIM,0.832
ATPSCKMT,2,1,MIM,0.864
NEU4,12,1,MOM,0.9
CASP9,8|12,2,IMS,0.8484
AGK,4|8,2,MIM,1.05
MCL1,12,1,MOM,0.84
DUS2,7,1,Matrix,0.9344
PLD6,4|11,2,MOM,0.9163
TOMM34,8,1,MOM,0.8484
PRORP,7,1,Matrix,0.9696
PLSCR3,4,1,MIM,0.8908
CKMT1B,2,1,MIM,0.945
NDUFB1,0,1,MIM,1.2
CASP8,12,1,MOM,0.9517
BCL2L1,12,1,MOM,0.8484
EXD2,5,1,Matrix,0.8568
ARMC10,11,1,MOM,0.808
MIEF2,11,1,MOM,1.008
THG1L,7,1,Matrix,0.84
GOLPH3,10,1,IMS,0.9064
PREPL,5,1,Matrix,0.8813
FASTKD3,7,1,Matrix,0.824
CEP89,2,1,IMS,0.808
GPAT2,4,1,MOM,0.808
NBR1,12,1,IMS,0.84
BOK,12,1,MOM,0.8484
FKBP10,8,1,IMS,0.8484
SETD9,5,1,Matrix,0.9
CYP11B1,4|5,2,MIM,1.05
CSKMT,5,1,Matrix,1.05
MIGA1,11,1,MOM,0.808
RPIA,5,1,Matrix,0.9152
BBC3,12,1,MOM,0.9984
BAD,12,1,MOM,0.8652
BCL2,12,1,MOM,0.8652
BCL2A1,12,1,MOM,1.05
BCL2L2,12,1,MOM,0.8568
CASP3,8|12,2,IMS,0.8736
DMPK,12,1,MOM,0.8568
DNA2,5|7,2,Matrix,0.8484
MT-ND6,0,1,MIM,1.05
PRKN,12,1,MOM,1.05
ALKBH1,7,1,Matrix,0.8736
PICK1,5,1,unknown,0.8568
BCL2L10,12,1,MOM,0.8484
AKAP10,13,1,MOM,0.8484
STYXL1,12,1,Matrix,0.8484
NSUN2,7,1,Matrix,0.8652
ADCY10,13,1,Membrane,0.8568
SPHK2,4|12,2,MIM,0.84
NSUN3,7,1,Matrix,0.8568
PABPC5,5,1,Matrix,1.05
PRSS35,5,1,unknown,1.05
PRIMPOL,7,1,Matrix,0.84
SERAC1,4,1,MOM,0.9984
STX17,11|12,2,MOM,0.856
TRMT61B,6|7,2,Matrix,1.26
PDE2A,13,1,MIM,0.96
PLGRKT,9,1,Membrane,0.808
ETFBKMT,10,1,Matrix,0.824
RTL10,12,1,MOM,1.0
BCL2L11,12,1,MOM,0.8
SPIRE1,11,1,MOM,0.8
C2orf69,5,1,Matrix,0.824
ARMCX2,9,1,Membrane,0.8
ARMCX1,11,1,MOM,0.816
POLB,7,1,Matrix,0.824
SNAP29,12,1,IMS,0.816
ARMCX3,11,1,MOM,1.0
ARMCX6,9,1,Membrane,1.0
METTL4,5,1,Matrix,0.824
SPHKAP,13,1,MIM,0.808
NAT8L,5,1,Membrane,0.8
MCCD1,5,1,unknown,1.0
PIGBOS1,11,1,MOM,1.0
HTD2,4,1,Matrix,1.0
