cell_line_id,perturbation_gene,delta_00,delta_01,delta_02,delta_03,delta_04,delta_05,delta_06,delta_07,delta_08,delta_09,delta_10,delta_11,delta_12,delta_13
ACH-000001,BAD,0.0,0.0,2.6906093517442287,0.0,2.6193411751036706,0.0,0.0,0.0,0.0,0.0,0.0,1.8460217907473293,-32.237430883318545,0.0
ACH-000001,LAP3,0.0,0.0,2.6906093517442287,0.0,2.6193411751036706,0.0,0.0,0.0,0.01079452414753523,0.0,0.0,1.8460217907473293,0.0,0.0
ACH-000001,NDUFAF7,-28.45260515178214,0.0,2.6906093517442287,0.0,2.6193411751036706,0.11347216911696023,0.0,0.0,0.0,0.0,0.0,1.8460217907473293,2.1764625125283033,0.0
ACH-000001,ARF5,0.0,-1.3396823722239048,0.0,-1.8084854872761866,0.0,-0.002431595453156802,0.0,-2.517403019217454,0.0,-2.397400948988661,-2.3045874000113713,0.0,0.0,-1.3396823722239048
ACH-000001,POLDIP2,0.0,0.0,2.6906093517442287,0.0,2.6193411751036706,0.0,0.0,0.0020580282821456154,0.0,0.0,0.0,0.0,0.0,0.0
ACH-000001,AK2,0.0,0.0,0.0,0.0,0.0,0.0,0.0,0.0,0.0,0.0,-0.003529058453298622,0.0,0.0,0.0
ACH-000001,NDUFAB1,0.003175547144819597,-1.3396823722239048,0.0,0.0,0.0014474789595587498,0.0006711417347766985,0.0,-2.517403019217454,0.0,0.0,0.0,0.0,0.0,-1.3396823722239048
ACH-000001,PDK4,0.0,-1.3396823722239048,0.0,-0.007548186946178011,0.0,-5.430453807740548,0.0,-2.517403019217454,0.0,0.0,-0.4959238708885323,0.0,0.0,-1.3396823722239048
ACH-000001,SLC25A13,2.093458523675622,0.0,2.6906093517442287,-0.0023007333683655942,2.6193411751036706,-12.662372282707013,0.0,0.0,0.0,0.0045035266028064305,0.0,1.8460217907473293,2.1764625125283033,-10.11878564432062
ACH-000001,HCCS,0.0,-1.3396823722239048,0.0,-1.8084854872761866,0.0,0.004327573344112707,0.0,-2.517403019217454,0.0,-2.397400948988661,-2.3045874000113713,0.0,0.0,-1.3396823722239048
ACH-000001,SLC25A5,0.0,0.0,2.6906093517442287,0.0,2.6193411751036706,0.0,0.0,0.0,0.0,-0.007216961126834701,0.0,0.0,-0.006515737047630567,0.0
ACH-000001,MCUB,0.0,-1.3396823722239048,0.0,0.0,0.0,-4.6037280041741155,0.0,0.0,0.0,0.002430963170019179,0.0,0.0,0.0,18.903192867906387
ACH-000001,LIG3,0.0,-1.3396823722239048,0.0,0.0,0.0,-4.6037280041741155,0.0,20.142488603445717,0.0,0.0,0.0,0.0,0.0,-1.3396823722239048
ACH-000001,ACSM3,0.0,0.0,2.6906093517442287,0.0,-26.78735637742325,0.0,0.0,0.0,0.0,0.0,0.0,0.0,0.0,0.0
ACH-000001,CROT,0.0,-1.3396823722239048,0.0,0.0,-0.0027391493657965334,-5.430453807740548,0.0,-2.517403019217454,0.0,-2.397400948988661,-2.3045874000113713,0.0,0.0,-1.3396823722239048
ACH-000001,PDK2,0.0,0.0,2.6906093517442287,0.022943252884935726,2.6193411751036706,0.0,0.0,0.0,0.0,0.0,0.0,1.8460217907473293,2.1764625125283033,0.0
ACH-000001,SPATA20,0.0,0.0,0.0,0.0,0.0,0.00042564668572912367,0.0,0.0,0.0,0.0,0.0,0.0,0.0,0.0
ACH-000001,AGK,0.0,-1.3396823722239048,0.0,0.0,0.0029119369709952395,-5.430453807740548,0.0,-2.517403019217454,0.0010123717160201184,0.0,0.0,0.0,0.0,-1.3396823722239048
ACH-000001,COX10,2.093458523675622,0.0,-26.123495234313406,0.0,2.6193411751036706,-12.696498598398879,3.213067038782384,0.0,2.241196198632167,0.0,0.0,1.8460217907473293,2.1764625125283033,0.0
ACH-000001,ELAC2,0.0,0.0,2.6906093517442287,0.0,2.6193411751036706,0.0,0.0,-0.007958817055932215,0.0,0.0,0.0,1.8460217907473293,0.0,0.0
ACH-000004,BAD,0.0,0.0,0.0,0.0,0.0,-3.8256331302291926,-3.213067038782384,0.0,-2.241196198632167,-2.397400948988718,-2.3045874000113713,-1.846021790747372,32.23700631067171,0.0
ACH-000004,LAP3,0.0,0.0,0.0,0.0,0.0,0.0,0.0,0.0,0.006928545364142727,0.0,0.0,0.0,0.0,1.3396823722239333
ACH-000004,NDUFAF7,-18.810548069608693,1.3396823722239048,0.0,1.8084854872762435,0.0,0.0,0.0,2.517403019217454,0.0,0.0,0.0,0.0,0.0,1.3396823722239333
ACH-000004,ARF5,0.0,0.0,0.0,0.0,0.0,12.654444805150991,-3.213067038782384,0.0,-2.241196198632167,-2.397400948988718,-2.3045874000113713,-1.846021790747372,-2.1764625125283033,0.0
ACH-000004,POLDIP2,0.0,0.0,0.0,0.0,0.0,0.0,0.0,0.0023209460668326847,0.0,0.0,0.0,0.0,0.0,0.0
ACH-000004,AK2,2.0934585236755936,1.3396823722239048,2.6906093517442287,1.8084854872762435,2.6193411751036138,1.7182928466283443,0.0,2.517403019217454,0.0,0.0,-14.171505481786522,0.0,0.0,1.3396823722239333
ACH-000004,NDUFAB1,0.016489886808623972,0.0,0.0,0.0,0.021991239238557485,12.668339907580092,-3.213067038782384,0.0,-2.241196198632167,-2.397400948988718,-2.3045874000113713,-1.846021790747372,-2.1764625125283033,0.0
ACH-000004,PDK4,0.0,0.0,0.0,-0.01856230937582521,0.0,-3.8256331302291926,-3.213067038782384,0.0,-2.241196198632167,-2.397400948988718,-2.3045874000113713,-1.846021790747372,-2.1764625125283033,0.0
ACH-000004,SLC25A13,0.0,0.0,0.0,-0.0005373702605115252,0.0,12.661641281222563,-3.213067038782384,0.0,-2.241196198632167,7.276052557669762,-2.3045874000113713,-1.846021790747372,-2.1764625125283033,0.0115566053554707
ACH-000004,HCCS,0.0,0.0,0.0,0.0,0.0,12.666776661536533,-3.213067038782384,0.0,-2.241196198632167,-2.397400948988718,-2.3045874000113713,-1.846021790747372,-2.1764625125283033,0.0
ACH-000004,SLC25A5,0.0,0.0,0.0,0.0,0.0,-3.8256331302291926,-3.213067038782384,0.0,-2.241196198632167,7.297096296755953,-2.3045874000113713,-1.846021790747372,32.265049364300275,0.0
ACH-000004,MCUB,0.0,0.0,0.0,0.0,0.0,-3.8256331302291926,-3.213067038782384,0.0,-2.241196198632167,7.282224554298422,-2.3045874000113713,-1.846021790747372,0.0,0.007043717619610908
ACH-000004,LIG3,2.0934585236755936,1.3396823722239048,2.6906093517442287,1.8084854872762435,2.6193411751036138,1.7182928466283443,0.0,-27.92168198837929,0.0,0.0,0.0,0.0,0.0,1.3396823722239333
ACH-000004,ACSM3,2.0934585236755936,1.3396823722239048,2.6906093517442287,1.8084854872762435,-26.713283097200073,1.7182928466283443,0.0,2.517403019217454,0.0,0.0,0.0,0.0,0.0,1.3396823722239333
ACH-000004,CROT,0.0,0.0,0.0,0.0,-0.007294223976165095,-3.8256331302291926,-3.213067038782384,0.0,-2.241196198632167,-2.397400948988718,-2.3045874000113713,-1.846021790747372,-2.1764625125283033,0.0
ACH-000004,PDK2,0.0,0.0,0.0,0.004015877192579509,0.0,0.0,0.0,0.0,0.0,0.0,0.0,0.0,0.0,0.0
ACH-000004,SPATA20,0.0,0.0,0.0,0.0,0.0,0.0016448741085416498,0.0,0.0,0.0,0.0,0.0,0.0,0.0,0.0
ACH-000004,AGK,0.0,1.3396823722239048,0.0,1.8084854872762435,-0.6223650581160934,0.0,0.0,2.517403019217454,0.007046845150880792,0.0,0.0,0.0,0.0,1.3396823722239333
ACH-000004,COX10,0.0,0.0,0.0007925394637336961,0.0,0.0,0.0010078938124690785,-3.213067038782384,0.0,0.0,0.0,0.0,0.0,0.0,0.0
ACH-000004,ELAC2,0.0,0.0,0.0,0.0,0.0,0.0,0.0,-27.88899100473033,0.0,0.0,0.0,0.0,0.0,1.3396823722239333
ACH-000005,BAD,-2.093458523675622,0.0,0.0,0.0,0.0,0.0,0.0,0.0,0.0,0.0,0.0,0.0,-0.02197543736926558,0.0
ACH-000005,LAP3,0.0,0.0,2.6906093517442287,1.8084854872762435,2.6193411751036138,0.0,3.2130670387824125,2.517403019217454,-31.291042844585256,2.397400948988661,2.3045874000113713,0.0,2.1764625125283033,1.3396823722238764
ACH-000005,NDUFAF7,-0.0026591326037224174,0.0,2.6906093517442287,1.8084854872762435,2.6193411751036138,0.0,3.2130670387824125,2.517403019217454,2.241196198632167,2.397400948988661,2.3045874000113713,0.0,2.1764625125283033,1.3396823722238764
ACH-000005,ARF5,-2.093458523675622,0.0,0.0,0.0,0.0,-0.006902774990304244,0.0,0.0,0.0,0.0,0.0,0.0,0.0,0.0
ACH-000005,POLDIP2,0.0,0.0,2.6906093517442287,0.0,0.0,0.0,0.0,-22.46245331212298,0.0,0.0,0.0,0.0,0.0,0.0
ACH-000005,AK2,0.0,1.3396823722239048,2.6906093517442287,1.8084854872762435,2.6193411751036138,5.543925976857537,3.2130670387824125,2.517403019217454,2.241196198632167,2.397400948988661,-30.57322198765323,1.8460217907473861,2.1764625125283033,1.3396823722238764
ACH-000005,NDUFAB1,0.004696354140901056,0.0,0.0,0.0,0.007823194388667486,0.00247109081449312,0.0,0.0,0.0,0.0,0.0,0.0,0.0,0.0
ACH-000005,PDK4,0.0,0.0,0.0,-0.008557064769580496,0.0,0.0,0.0,0.0,0.0,0.0,0.0,0.0,0.0,0.0
ACH-000005,SLC25A13,0.0,0.0,0.0,0.0025959715860769685,0.0,0.0009158041749135925,0.0,0.0,0.0,0.001718829387583535,0.0,0.0,0.0,0.00766175886118226
ACH-000005,HCCS,-2.093458523675622,0.0,0.0,0.0,0.0,0.006188994186223968,0.0,0.0,0.0,0.0,0.0,0.0,0.0,0.0
ACH-000005,SLC25A5,-2.093458523675622,0.0,0.0,0.0,0.0,0.0,0.0,0.0,0.0,0.017544181627312402,0.0,0.0,0.01407050653797337,0.0
ACH-000005,MCUB,0.0,0.0,0.0,0.0,0.0,0.0,0.0,0.0,0.0,0.0022379601529483035,0.0,0.0,0.0,0.004811001622832392
ACH-000005,LIG3,0.0,1.3396823722239048,2.6906093517442287,1.8084854872762435,2.6193411751036138,5.543925976857537,3.2130670387824125,-22.5164491345982,2.241196198632167,2.397400948988661,2.3045874000113713,1.8460217907473861,2.1764625125283033,1.3396823722238764
ACH-000005,ACSM3,0.0,1.3396823722239048,2.6906093517442287,1.8084854872762435,-26.67326543336721,5.543925976857537,3.2130670387824125,2.517403019217454,2.241196198632167,2.397400948988661,2.3045874000113713,1.8460217907473861,2.1764625125283033,1.3396823722238764
ACH-000005,CROT,0.0,0.0,0.0,0.0,-0.00034825350680896955,0.0,0.0,0.0,0.0,0.0,0.0,0.0,0.0,0.0
ACH-000005,PDK2,-2.093458523675622,0.0,0.0,-0.015037265922279431,0.0,0.0,0.0,0.0,0.0,0.0,0.0,0.0,0.0,0.0
ACH-000005,SPATA20,-2.093458523675622,0.0,0.0,0.0,0.0,-0.010642487770338695,0.0,0.0,0.0,0.0,0.0,0.0,0.0,0.0
ACH-000005,AGK,0.0,0.0,2.6906093517442287,0.0,-0.018704916433618417,0.0,3.2130670387824125,2.517403019217454,-31.308901184422865,0.0,2.3045874000113713,0.0,0.0,0.0
ACH-000005,COX10,0.0,0.0,-26.109879959105648,1.8084854872762435,2.6193411751036138,-0.02199222957936739,3.2130670387824125,2.517403019217454,2.241196198632167,2.397400948988661,2.3045874000113713,0.0,2.1764625125283033,1.3396823722238764
ACH-000005,ELAC2,0.0,0.0,2.6906093517442287,1.8084854872762435,2.6193411751036138,0.0,3.2130670387824125,-22.485114339992386,2.241196198632167,2.397400948988661,2.3045874000113713,0.0,2.1764625125283033,1.3396823722238764
ACH-000007,BAD,0.0,0.0,-2.6906093517442287,0.0,0.0,0.0,0.0,-2.517403019217454,0.0,0.0,0.0,-1.8460217907473293,32.219942025440815,-1.3396823722239048
ACH-000007,LAP3,0.0,0.0,0.0,0.0,0.0,0.0,0.0,0.0,-0.0029973152178355894,0.0,0.0,0.0,0.0,0.0
ACH-000007,NDUFAF7,0.0030424889342886936,0.0,-2.6906093517442287,0.0,0.0,0.0,0.0,-2.517403019217454,0.0,0.0,0.0,-1.8460217907473293,-2.1764625125283033,-1.3396823722239048
ACH-000007,ARF5,0.0,1.3396823722238764,0.0,1.8084854872762435,2.619341175103642,0.002691310573375665,0.0,0.0,2.241196198632167,2.3974009489886896,2.3045874000113713,0.0,0.0,0.0
ACH-000007,POLDIP2,0.0,0.0,-2.6906093517442287,0.0,0.0,0.0,0.0,27.880862850111583,0.0,0.0,0.0,-1.8460217907473293,-2.1764625125283033,-1.3396823722239048
ACH-000007,AK2,0.0,1.3396823722238764,0.0,1.8084854872762435,2.619341175103642,0.0,0.0,0.0,2.241196198632167,2.3974009489886896,-30.48210333646763,0.0,0.0,0.0
ACH-000007,NDUFAB1,0.0008080641942013964,0.0,0.0,0.0,0.0025533444028032906,0.0007703315287231936,0.0,0.0,0.0,0.0,0.0,0.0,0.0,0.0
ACH-000007,PDK4,0.0,0.0,0.0,-0.006432385001912963,0.0,0.0,0.0,0.0,0.0,0.0,0.0,0.0,0.0,-1.3396823722239048
ACH-000007,SLC25A13,0.0,1.3396823722238764,0.0,-17.936896991399156,2.619341175103642,-0.0009053666648483336,0.0,0.0,2.241196198632167,-29.275155843777014,2.3045874000113713,0.0,0.0,-0.01386302360080904
ACH-000007,HCCS,0.0,0.0,-2.6906093517442287,0.0,0.0,0.010951267256045808,0.0,-2.517403019217454,0.0,0.0,0.0,-1.8460217907473293,-2.1764625125283033,-1.3396823722239048
ACH-000007,SLC25A5,0.0,0.0,0.0,0.0,0.0,0.0,0.0,0.0,0.0,-0.00036375671549893735,0.0,0.0,-0.0008075580954560655,0.0
ACH-000007,MCUB,0.0,0.0,-2.6906093517442287,0.0,0.0,0.0,0.0,-2.517403019217454,0.0,0.01724635945275283,0.0,-1.8460217907473293,-2.1764625125283033,52.415021516511594
ACH-000007,LIG3,0.0,0.0,0.0,0.0,0.0,0.0,0.0,0.006863423950858195,0.0,0.0,0.0,0.0,0.0,0.0
ACH-000007,ACSM3,2.093458523675622,1.3396823722238764,0.0,1.8084854872762435,-26.71709929058199,5.543925976857508,323.3148707774791,0.0,2.241196198632167,2.3974009489886896,2.3045874000113713,0.0,0.0,0.0
ACH-000007,CROT,0.0,0.0,-2.6906093517442287,0.0,-0.004463946654214146,0.0,0.0,-2.517403019217454,0.0,0.0,0.0,-1.8460217907473293,-2.1764625125283033,-1.3396823722239048
ACH-000007,PDK2,0.0,0.0,0.0,0.0004889902164626871,0.0,0.0,0.0,0.0,0.0,0.0,0.0,0.0,0.0,0.0
ACH-000007,SPATA20,0.0,1.3396823722238764,0.0,0.0,0.0,0.0019431285176838848,0.0,0.0,0.0,0.0,0.0,0.0,0.0,0.0
ACH-000007,AGK,0.0,0.0,0.0,0.0,0.017661467703356127,0.0,0.0,0.0,-0.0042460395133037485,0.0,0.0,0.0,-2.1764625125283033,-1.3396823722239048
ACH-000007,COX10,2.093458523675622,1.3396823722238764,-0.026393078816341366,1.8084854872762435,2.619341175103642,-12.685610569964751,323.3148707774791,0.0,2.241196198632167,2.3974009489886896,2.3045874000113713,0.0,0.0,0.0
ACH-000007,ELAC2,0.0,1.3396823722238764,0.0,0.0,0.0,0.0,0.0,-0.004409246285583903,0.0,2.3974009489886896,0.0,0.0,0.0,0.0
ACH-000009,BAD,0.0,0.0,0.0,0.0,0.0,0.0,0.0,0.0,0.0,0.0,0.0,-1.8460217907473577,-0.008048428635762944,-1.3396823722239333
ACH-000009,LAP3,0.0,1.3396823722239333,0.0,0.0,0.0,0.0,3.2130670387823557,2.517403019217454,-31.300781939502308,0.0,0.0,0.0,2.1764625125283033,0.0
ACH-000009,NDUFAF7,-33.52992572160114,1.3396823722239333,2.6906093517442287,1.8084854872761866,2.619341175103642,5.543925976857565,3.2130670387823557,2.517403019217454,2.2411961986321103,0.0,2.3045874000113713,0.0,2.1764625125283033,0.0
ACH-000009,ARF5,2.093458523675622,1.3396823722239333,2.6906093517442287,1.8084854872761866,2.619341175103642,0.00570918790670163,3.2130670387823557,2.517403019217454,2.2411961986321103,0.0,2.3045874000113713,0.0,2.1764625125283033,0.0
ACH-000009,POLDIP2,2.093458523675622,1.3396823722239333,2.6906093517442287,1.8084854872761866,2.619341175103642,5.543925976857565,3.2130670387823557,-27.873151531974507,2.2411961986321103,0.0,2.3045874000113713,0.0,2.1764625125283033,0.0
ACH-000009,AK2,0.0,0.0,0.0,0.0,0.0,0.0,0.0,0.0,0.0,-2.397400948988718,0.05036528822688815,-1.8460217907473577,0.0,-1.3396823722239333
ACH-000009,NDUFAB1,0.009666643555527314,0.0,0.0,0.0,0.011629788253922108,0.004656862443283874,0.0,0.0,0.0,0.0,0.0,-1.8460217907473577,0.0,-1.3396823722239333
ACH-000009,PDK4,0.0,0.0,0.0,-0.01852912077861471,0.0,0.0,0.0,0.0,0.0,-2.397400948988718,0.0,-1.8460217907473577,0.0,-1.3396823722239333
ACH-000009,SLC25A13,2.093458523675622,1.3396823722239333,2.6906093517442287,-38.80656262212499,2.619341175103642,-12.664032108128126,3.2130670387823557,2.517403019217454,2.2411961986321103,0.0059072319347292825,2.3045874000113713,0.0,2.1764625125283033,-17.75130250096719
ACH-000009,HCCS,2.093458523675622,1.3396823722239333,2.6906093517442287,1.8084854872761866,0.0,-0.007821089742419816,3.2130670387823557,2.517403019217454,2.2411961986321103,0.0,2.3045874000113713,0.0,2.1764625125283033,0.0
ACH-000009,SLC25A5,0.0,1.3396823722239333,0.0,0.0,0.0,0.0,3.2130670387823557,0.0,2.2411961986321103,-0.005804032640894237,0.0,0.0,-32.25357678307281,0.0
ACH-000009,MCUB,0.0,0.0,0.0,0.0,0.0,0.0,0.0,0.0,0.0,29.30563635826907,0.0,-1.8460217907473577,0.0,34.73130352750856
ACH-000009,LIG3,2.093458523675622,1.3396823722239333,2.6906093517442287,1.8084854872761866,0.0,0.0,3.2130670387823557,-27.89823732779529,2.2411961986321103,0.0,2.3045874000113713,0.0,2.1764625125283033,0.0
ACH-000009,ACSM3,0.0,1.3396823722239333,0.0,0.0,-1.2425348579252027,0.0,3.2130670387823557,2.517403019217454,2.2411961986321103,0.0,0.0,0.0,2.1764625125283033,0.0
ACH-000009,CROT,0.0,0.0,0.0,0.0,-0.0021903707039682752,0.0,0.0,0.0,0.0,0.0,0.0,-1.8460217907473577,0.0,-1.3396823722239333
ACH-000009,PDK2,0.0,0.0,0.0,-0.049107191932278735,0.0,0.0,0.0,0.0,0.0,-2.397400948988718,0.0,-1.8460217907473577,0.0,-1.3396823722239333
ACH-000009,SPATA20,2.093458523675622,1.3396823722239333,2.6906093517442287,1.8084854872761866,2.619341175103642,-12.634867083728672,3.2130670387823557,2.517403019217454,2.2411961986321103,0.0,2.3045874000113713,0.0,2.1764625125283033,0.0
ACH-000009,AGK,0.0,1.3396823722239333,0.0,0.0,-0.007686896996085581,0.0,3.2130670387823557,0.0,-31.311046529849133,0.0,0.0,0.0,2.1764625125283033,0.0
ACH-000009,COX10,0.0,0.0,0.008936809939430513,0.0,0.0,0.008119282294322587,0.0,0.0,0.0,0.0,0.0,-1.8460217907473577,0.0,-1.3396823722239333
ACH-000009,ELAC2,0.0,1.3396823722239333,0.0,0.0,0.0,0.0,3.2130670387823557,0.0019269016074993954,0.0,0.0,0.0,0.0,0.0,0.0
